date,mine,subsidiary,shift,workers_scheduled,workers_present,contractors_present,absentee_pct
2025-08-01,ANANTA,MCL,A,98,94,37,4.08
2025-08-01,MAOHUSUDANPUR 7 PIT & INCLINE,ECL,B,101,90,32,10.89
2025-08-01,NEW GODHUR. KUSUNDA COLLIERY,BCCL,C,207,195,59,5.8
2025-08-02,ANANTA,MCL,A,288,284,25,1.39
2025-08-02,KHAIRAHA,SECL,B,163,160,36,1.84
2025-08-02,Ningah Colliery,ECL,C,171,162,60,5.26
2025-08-03,MANIKPUR,SECL,A,290,279,27,3.79
2025-08-03,MAOHUSUDANPUR 7 PIT & INCLINE,ECL,B,135,121,40,10.37
2025-08-03,NEW GODHUR. KUSUNDA COLLIERY,BCCL,C,182,175,32,3.85
2025-08-04,MOONIDIH PROJECT,BCCL,A,196,172,35,12.24
2025-08-04,GEVRA OC,SECL,B,222,215,32,3.15
2025-08-04,JAYANT,NCL,C,340,308,11,9.41
2025-08-05,Jhanjhara Project Colly,ECL,A,213,186,12,12.68
2025-08-05,Jhanjhara Project Colly,ECL,B,302,271,37,10.26
2025-08-05,LAKHANPUR,MCL,C,341,295,26,13.49
2025-08-06,Ningah Colliery,ECL,A,303,257,33,15.18
2025-08-06,KUSMUNDA,SECL,B,115,113,49,1.74
2025-08-06,GEVRA OC,SECL,C,143,135,42,5.59
2025-08-07,MOONIDIH PROJECT,BCCL,A,289,258,45,10.73
2025-08-07,MAOHUSUDANPUR 7 PIT & INCLINE,ECL,B,178,161,53,9.55
2025-08-07,NIGAHI,NCL,C,169,158,35,6.51
2025-08-08,ANANTA,MCL,A,80,71,37,11.25
2025-08-08,AMLOHRI,NCL,B,244,223,53,8.61
2025-08-08,NEW GODHUR. KUSUNDA COLLIERY,BCCL,C,341,312,52,8.5
2025-08-09,Jhanjhara Project Colly,ECL,A,225,207,15,8.0
2025-08-09,KHAIRAHA,SECL,B,200,188,22,6.0
2025-08-09,MAOHUSUDANPUR 7 PIT & INCLINE,ECL,C,92,78,49,15.22
2025-08-10,KHAIRAHA,SECL,A,117,106,55,9.4
2025-08-10,NIGAHI,NCL,B,276,253,19,8.33
2025-08-10,JAYANT,NCL,C,82,79,59,3.66
2025-08-11,KUSMUNDA,SECL,A,192,167,13,13.02
2025-08-11,ANANTA,MCL,B,207,202,39,2.42
2025-08-11,MAOHUSUDANPUR 7 PIT & INCLINE,ECL,C,317,299,58,5.68
2025-08-12,MANIKPUR,SECL,A,306,286,45,6.54
2025-08-12,DIPKA,SECL,B,161,153,38,4.97
2025-08-12,MOONIDIH PROJECT,BCCL,C,206,199,59,3.4
2025-08-13,AMLOHRI,NCL,A,346,317,27,8.38
2025-08-13,DIPKA,SECL,B,119,113,27,5.04
2025-08-13,GEVRA OC,SECL,C,243,236,18,2.88
2025-08-14,MAOHUSUDANPUR 7 PIT & INCLINE,ECL,A,198,178,55,10.1
2025-08-14,NEW GODHUR. KUSUNDA COLLIERY,BCCL,B,112,101,44,9.82
2025-08-14,DIPKA,SECL,C,292,250,34,14.38
2025-08-15,MANIKPUR,SECL,A,90,87,40,3.33
2025-08-15,Ningah Colliery,ECL,B,260,231,36,11.15
2025-08-15,ANANTA,MCL,C,192,176,37,8.33
2025-08-16,DIPKA,SECL,A,94,85,56,9.57
2025-08-16,MAOHUSUDANPUR 7 PIT & INCLINE,ECL,B,319,312,35,2.19
2025-08-16,LAKHANPUR,MCL,C,93,80,18,13.98
2025-08-17,KHAIRAHA,SECL,A,316,276,34,12.66
2025-08-17,GEVRA OC,SECL,B,188,171,58,9.04
2025-08-17,MANIKPUR,SECL,C,274,243,26,11.31
2025-08-18,KHAIRAHA,SECL,A,121,110,32,9.09
2025-08-18,NEW GODHUR. KUSUNDA COLLIERY,BCCL,B,115,110,58,4.35
2025-08-18,Ningah Colliery,ECL,C,206,180,49,12.62
2025-08-19,MAOHUSUDANPUR 7 PIT & INCLINE,ECL,A,202,175,46,13.37
2025-08-19,NEW GODHUR. KUSUNDA COLLIERY,BCCL,B,318,301,20,5.35
2025-08-19,LAKHANPUR,MCL,C,138,132,29,4.35
2025-08-20,Jhanjhara Project Colly,ECL,A,93,91,35,2.15
2025-08-20,NIGAHI,NCL,B,181,155,16,14.36
2025-08-20,NIGAHI,NCL,C,234,226,60,3.42
2025-08-21,LAKHANPUR,MCL,A,101,90,52,10.89
2025-08-21,GEVRA OC,SECL,B,115,105,10,8.7
2025-08-21,KHAIRAHA,SECL,C,295,284,37,3.73
2025-08-22,GEVRA OC,SECL,A,315,298,21,5.4
2025-08-22,NIGAHI,NCL,B,347,341,49,1.73
2025-08-22,AMLOHRI,NCL,C,327,299,30,8.56
2025-08-23,KHAIRAHA,SECL,A,205,198,27,3.41
2025-08-23,MANIKPUR,SECL,B,310,274,46,11.61
2025-08-23,LAKHANPUR,MCL,C,274,245,30,10.58
2025-08-24,MAOHUSUDANPUR 7 PIT & INCLINE,ECL,A,329,289,31,12.16
2025-08-24,MOONIDIH PROJECT,BCCL,B,221,205,15,7.24
2025-08-24,NEW GODHUR. KUSUNDA COLLIERY,BCCL,C,288,264,54,8.33
2025-08-25,DIPKA,SECL,A,331,302,15,8.76
2025-08-25,MOONIDIH PROJECT,BCCL,B,193,174,29,9.84
2025-08-25,JAYANT,NCL,C,268,245,37,8.58
2025-08-26,NIGAHI,NCL,A,249,223,27,10.44
2025-08-26,MOONIDIH PROJECT,BCCL,B,208,183,30,12.02
2025-08-26,Jhanjhara Project Colly,ECL,C,174,152,27,12.64
2025-08-27,NIGAHI,NCL,A,348,324,22,6.9
2025-08-27,MOONIDIH PROJECT,BCCL,B,196,176,10,10.2
2025-08-27,NIGAHI,NCL,C,144,127,45,11.81
2025-08-28,MOONIDIH PROJECT,BCCL,A,144,135,16,6.25
2025-08-28,KHAIRAHA,SECL,B,86,80,40,6.98
2025-08-28,DIPKA,SECL,C,254,222,26,12.6
2025-08-29,KHAIRAHA,SECL,A,324,280,35,13.58
2025-08-29,DIPKA,SECL,B,117,108,19,7.69
2025-08-29,MAOHUSUDANPUR 7 PIT & INCLINE,ECL,C,235,202,17,14.04
2025-08-30,ANANTA,MCL,A,293,273,59,6.83
2025-08-30,ANANTA,MCL,B,274,250,29,8.76
2025-08-30,KHAIRAHA,SECL,C,299,266,49,11.04
2025-08-31,NIGAHI,NCL,A,130,127,50,2.31
2025-08-31,NEW GODHUR. KUSUNDA COLLIERY,BCCL,B,215,202,25,6.05
2025-08-31,MAOHUSUDANPUR 7 PIT & INCLINE,ECL,C,118,102,38,13.56
2025-09-01,NIGAHI,NCL,A,320,285,28,10.94
2025-09-01,NIGAHI,NCL,B,224,212,14,5.36
2025-09-01,JAYANT,NCL,C,199,194,37,2.51
2025-09-02,Jhanjhara Project Colly,ECL,A,195,183,19,6.15
2025-09-02,Jhanjhara Project Colly,ECL,B,110,96,48,12.73
2025-09-02,NIGAHI,NCL,C,227,206,54,9.25
2025-09-03,MOONIDIH PROJECT,BCCL,A,286,280,38,2.1
2025-09-03,Jhanjhara Project Colly,ECL,B,100,97,48,3.0
2025-09-03,MOONIDIH PROJECT,BCCL,C,93,80,58,13.98
2025-09-04,JAYANT,NCL,A,217,201,40,7.37
2025-09-04,ANANTA,MCL,B,306,299,47,2.29
2025-09-04,KUSMUNDA,SECL,C,331,326,32,1.51
2025-09-05,KUSMUNDA,SECL,A,250,223,20,10.8
2025-09-05,GEVRA OC,SECL,B,290,274,52,5.52
2025-09-05,KUSMUNDA,SECL,C,98,89,26,9.18
2025-09-06,GEVRA OC,SECL,A,139,137,42,1.44
2025-09-06,KHAIRAHA,SECL,B,80,75,36,6.25
2025-09-06,Ningah Colliery,ECL,C,176,162,50,7.95
2025-09-07,DIPKA,SECL,A,106,93,28,12.26
2025-09-07,DIPKA,SECL,B,328,284,55,13.41
2025-09-07,MAOHUSUDANPUR 7 PIT & INCLINE,ECL,C,239,221,15,7.53
2025-09-08,NEW GODHUR. KUSUNDA COLLIERY,BCCL,A,138,126,51,8.7
2025-09-08,KHAIRAHA,SECL,B,158,145,42,8.23
2025-09-08,NIGAHI,NCL,C,219,198,40,9.59
2025-09-09,NEW GODHUR. KUSUNDA COLLIERY,BCCL,A,313,290,22,7.35
2025-09-09,MANIKPUR,SECL,B,340,324,14,4.71
2025-09-09,MOONIDIH PROJECT,BCCL,C,292,262,10,10.27
2025-09-10,MOONIDIH PROJECT,BCCL,A,232,224,19,3.45
2025-09-10,DIPKA,SECL,B,327,293,39,10.4
2025-09-10,MANIKPUR,SECL,C,244,237,46,2.87
2025-09-11,KUSMUNDA,SECL,A,199,192,12,3.52
2025-09-11,GEVRA OC,SECL,B,322,305,34,5.28
2025-09-11,JAYANT,NCL,C,157,144,18,8.28
2025-09-12,ANANTA,MCL,A,249,241,16,3.21
2025-09-12,ANANTA,MCL,B,313,266,36,15.02
2025-09-12,KHAIRAHA,SECL,C,159,136,31,14.47
2025-09-13,LAKHANPUR,MCL,A,283,266,53,6.01
2025-09-13,KHAIRAHA,SECL,B,274,269,44,1.82
2025-09-13,Ningah Colliery,ECL,C,115,101,24,12.17
2025-09-14,NIGAHI,NCL,A,126,114,58,9.52
2025-09-14,JAYANT,NCL,B,131,119,11,9.16
2025-09-14,Ningah Colliery,ECL,C,246,236,32,4.07
2025-09-15,GEVRA OC,SECL,A,300,261,46,13.0
2025-09-15,JAYANT,NCL,B,172,150,49,12.79
2025-09-15,KHAIRAHA,SECL,C,275,257,41,6.55
2025-09-16,MANIKPUR,SECL,A,153,135,39,11.76
2025-09-16,MOONIDIH PROJECT,BCCL,B,84,81,28,3.57
2025-09-16,JAYANT,NCL,C,160,137,47,14.38
2025-09-17,MOONIDIH PROJECT,BCCL,A,297,281,29,5.39
2025-09-17,NEW GODHUR. KUSUNDA COLLIERY,BCCL,B,276,267,25,3.26
2025-09-17,KUSMUNDA,SECL,C,263,244,11,7.22
2025-09-18,KHAIRAHA,SECL,A,282,250,48,11.35
2025-09-18,NIGAHI,NCL,B,334,322,59,3.59
2025-09-18,AMLOHRI,NCL,C,197,184,24,6.6
2025-09-19,JAYANT,NCL,A,177,165,50,6.78
2025-09-19,Jhanjhara Project Colly,ECL,B,100,89,12,11.0
2025-09-19,LAKHANPUR,MCL,C,266,253,28,4.89
2025-09-20,GEVRA OC,SECL,A,292,255,60,12.67
2025-09-20,ANANTA,MCL,B,267,246,20,7.87
2025-09-20,MOONIDIH PROJECT,BCCL,C,326,321,57,1.53
2025-09-21,KHAIRAHA,SECL,A,253,243,14,3.95
2025-09-21,MAOHUSUDANPUR 7 PIT & INCLINE,ECL,B,195,189,45,3.08
2025-09-21,GEVRA OC,SECL,C,126,121,26,3.97
2025-09-22,ANANTA,MCL,A,143,130,47,9.09
2025-09-22,KUSMUNDA,SECL,B,270,233,40,13.7
2025-09-22,Ningah Colliery,ECL,C,247,241,51,2.43
2025-09-23,Jhanjhara Project Colly,ECL,A,317,309,51,2.52
2025-09-23,KUSMUNDA,SECL,B,139,120,29,13.67
2025-09-23,DIPKA,SECL,C,139,120,34,13.67
2025-09-24,DIPKA,SECL,A,269,253,47,5.95
2025-09-24,NIGAHI,NCL,B,159,154,41,3.14
2025-09-24,LAKHANPUR,MCL,C,288,282,12,2.08
2025-09-25,NIGAHI,NCL,A,269,236,25,12.27
2025-09-25,KHAIRAHA,SECL,B,265,228,44,13.96
2025-09-25,MANIKPUR,SECL,C,263,225,22,14.45
2025-09-26,Jhanjhara Project Colly,ECL,A,312,269,51,13.78
2025-09-26,JAYANT,NCL,B,90,77,25,14.44
2025-09-26,MAOHUSUDANPUR 7 PIT & INCLINE,ECL,C,185,159,47,14.05
2025-09-27,NEW GODHUR. KUSUNDA COLLIERY,BCCL,A,199,178,60,10.55
2025-09-27,MANIKPUR,SECL,B,81,71,18,12.35
2025-09-27,ANANTA,MCL,C,208,200,52,3.85
2025-09-28,KHAIRAHA,SECL,A,93,80,60,13.98
2025-09-28,AMLOHRI,NCL,B,201,187,21,6.97
2025-09-28,MOONIDIH PROJECT,BCCL,C,106,91,43,14.15
2025-09-29,Jhanjhara Project Colly,ECL,A,112,102,42,8.93
2025-09-29,LAKHANPUR,MCL,B,135,123,49,8.89
2025-09-29,Ningah Colliery,ECL,C,346,308,13,10.98
