city_town,state,latitude,longitude
Dhanbad,Jharkhand,23.7957,86.4304
Jorapokhar,Jharkhand,23.7070,86.4130
Ranchi,Jharkhand,23.3441,85.3096
Jamshedpur,Jharkhand,22.8046,86.2029
Asansol+Raniganj,West Bengal,23.6739,86.9524
Durgapur,West Bengal,23.5204,87.3119
Bardhaman,West Bengal,23.2324,87.8615
Purulia,West Bengal,23.3321,86.3650
Bankura,West Bengal,23.2324,87.0746
Suri,West Bengal,23.9100,87.5270
Rampurhat,West Bengal,24.1700,87.7800
Bolpur,West Bengal,23.6700,87.6900
Talcher,Odisha,20.9500,85.2330
Jharsuguda,Odisha,21.8554,84.0062
Brajrajnagar,Odisha,21.8160,83.9180
Sambalpur,Odisha,21.4669,83.9812
Rourkela,Odisha,22.2604,84.8536
Keonjhar,Odisha,21.6300,85.5800
Korba,Chattisgarh,22.3595,82.7501
Raigarh,Chattisgarh,21.8974,83.3950
Chhal,Chattisgarh,22.1100,83.1200
Kunjemura,Chattisgarh,22.1000,83.4000
Milupara,Chattisgarh,22.1300,83.3600
Raipur,Chattisgarh,21.2514,81.6296
Durg Bhillainagar,Chattisgarh,21.1900,81.3500
Singrauli,Madhya Pradesh,24.1997,82.6739
Amlai,Madhya Pradesh,23.1800,81.6000
Chindwara,Madhya Pradesh,22.0574,78.9382
Satna,Madhya Pradesh,24.6005,80.8322
Katni,Madhya Pradesh,23.8343,80.3894
Jabalpur,Madhya Pradesh,23.1815,79.9864
Anpara,Uttar Pradesh,24.2000,82.7900
Varanasi,Uttar Pradesh,25.3176,82.9739
Chandrapur,Maharashtra,19.9615,79.2961
Nagpur,Maharashtra,21.1458,79.0882
Amravati,Maharashtra,20.9320,77.7523
Khammam,Telangana,17.2473,80.1514
Hyderabad,Telangana,17.3850,78.4867
Cuddalore,Tamilnadu,11.7480,79.7714
Villupuram,Tamilnadu,11.9401,79.4861
Ariyalura,Tamilnadu,11.1401,79.0786
Perambalur,Tamilnadu,11.2342,78.8807
Tinsukia,Assam,27.4886,95.3558
Sivasagar,Assam,26.9826,94.6425
Khlihriat,Meghalaya,25.3600,92.3700
Barmer,Rajasthan,25.7521,71.3967
Bikaner,Rajasthan,28.0229,73.3119
Ankleshwar,Gujarat,21.6264,73.0152
Vadodara,Gujarat,22.3072,73.1812
Surat,Gujarat,21.1702,72.8311
