inspection_id,timestamp,mine,subsidiary,latitude,longitude,inspector_id,observation_type,severity,corrective_action_status
INSP0001,2025-03-08T05:00:00,GEVRA OC,SECL,22.325288,82.59559,INS148,Housekeeping,Critical,Open
INSP0002,2025-03-10T03:00:00,AMLOHRI,NCL,24.146376,82.592884,INS161,PPE Compliance,High,Closed
INSP0003,2025-06-26T02:00:00,KHAIRAHA,SECL,23.163393,81.373809,INS134,Electrical Safety,Medium,Overdue
INSP0004,2025-02-01T07:00:00,MANIKPUR,SECL,22.33161,82.737228,INS103,Electrical Safety,Low,Overdue
INSP0005,2025-06-21T08:00:00,GEVRA OC,SECL,22.326701,82.581393,INS128,Safety Equipment Check,High,Closed
INSP0006,2025-04-25T10:00:00,AMLOHRI,NCL,24.123398,82.500691,INS160,Water Accumulation,Medium,Overdue
INSP0007,2025-06-03T02:00:00,LAKHANPUR,MCL,21.748646,83.852128,INS127,PPE Compliance,Medium,Overdue
INSP0008,2025-02-07T22:00:00,AMLOHRI,NCL,24.130684,82.595528,INS130,Electrical Safety,Critical,Closed
INSP0009,2025-02-07T20:00:00,KHAIRAHA,SECL,23.157414,81.455445,INS165,Housekeeping,Medium,Open
INSP0010,2025-04-10T10:00:00,KUSMUNDA,SECL,22.273773,82.745217,INS153,Ventilation Inspection,Low,In Progress
INSP0011,2025-01-24T02:00:00,ANANTA,MCL,20.941265,85.171319,INS181,Electrical Safety,High,In Progress
INSP0012,2025-01-06T13:00:00,GEVRA OC,SECL,22.33726,82.589552,INS180,Safety Equipment Check,High,Open
INSP0013,2025-01-16T03:00:00,GEVRA OC,SECL,22.346335,82.590178,INS199,Water Accumulation,Critical,Overdue
INSP0014,2025-03-04T05:00:00,AMLOHRI,NCL,24.141206,82.585293,INS158,Safety Equipment Check,High,Open
INSP0015,2025-01-15T22:00:00,AMLOHRI,NCL,24.148053,82.606168,INS139,Housekeeping,Critical,Overdue
INSP0016,2025-03-28T11:00:00,Ningah Colliery,ECL,23.666429,87.034188,INS106,PPE Compliance,High,In Progress
INSP0017,2025-02-12T11:00:00,AMLOHRI,NCL,24.148202,82.605658,INS156,Electrical Safety,High,Open
INSP0018,2025-06-19T08:00:00,NIGAHI,NCL,24.141636,82.627846,INS134,PPE Compliance,Low,Overdue
INSP0019,2025-01-27T22:00:00,KUSMUNDA,SECL,22.311278,82.680663,INS110,Slope Stability,High,In Progress
INSP0020,2025-06-02T04:00:00,LAKHANPUR,MCL,21.748159,83.825893,INS157,Safety Equipment Check,High,Overdue
INSP0021,2025-04-04T17:00:00,JAYANT,NCL,24.148908,82.660439,INS146,Housekeeping,Medium,Closed
INSP0022,2025-02-18T17:00:00,KHAIRAHA,SECL,23.155441,81.456531,INS199,Water Accumulation,High,In Progress
INSP0023,2025-05-11T16:00:00,LAKHANPUR,MCL,21.727906,83.844556,INS147,Slope Stability,Critical,Closed
INSP0024,2025-07-15T21:00:00,MAOHUSUDANPUR 7 PIT & INCLINE,ECL,23.631662,87.22118,INS131,Safety Equipment Check,Low,Open
INSP0025,2025-06-20T08:00:00,ANANTA,MCL,20.930445,85.17302,INS199,Slope Stability,Critical,Open
INSP0026,2025-04-08T11:00:00,NIGAHI,NCL,24.169278,82.636418,INS109,Electrical Safety,Medium,Overdue
INSP0027,2025-01-30T23:00:00,AMLOHRI,NCL,24.144933,82.59004,INS170,Housekeeping,High,In Progress
INSP0028,2025-02-23T18:00:00,NIGAHI,NCL,24.164218,82.642511,INS115,Ventilation Inspection,Medium,Open
INSP0029,2025-06-18T15:00:00,Ningah Colliery,ECL,23.664898,87.026671,INS170,Ventilation Inspection,Low,Closed
INSP0030,2025-04-16T13:00:00,KUSMUNDA,SECL,22.312092,82.673032,INS173,Safety Equipment Check,Medium,In Progress
INSP0031,2025-01-26T07:00:00,DIPKA,SECL,22.310706,82.539981,INS199,Housekeeping,Medium,Open
INSP0032,2025-05-28T16:00:00,ANANTA,MCL,20.944562,85.157126,INS138,Ventilation Inspection,Medium,In Progress
INSP0033,2025-03-18T23:00:00,GEVRA OC,SECL,22.334788,82.596686,INS181,Housekeeping,High,Open
INSP0034,2025-04-14T08:00:00,LAKHANPUR,MCL,21.742434,83.836591,INS174,Ventilation Inspection,Medium,In Progress
INSP0035,2025-07-12T09:00:00,Ningah Colliery,ECL,23.682693,87.032157,INS198,Housekeeping,High,Open
INSP0036,2025-07-15T06:00:00,KUSMUNDA,SECL,22.301272,82.68753,INS137,Water Accumulation,High,Overdue
INSP0037,2025-03-25T14:00:00,AMLOHRI,NCL,24.12439,82.589936,INS107,Ventilation Inspection,Critical,Overdue
INSP0038,2025-06-15T06:00:00,DIPKA,SECL,22.336488,82.527065,INS191,Slope Stability,High,Overdue
INSP0039,2025-02-14T15:00:00,AMLOHRI,NCL,24.138684,82.600636,INS130,Electrical Safety,Low,In Progress
INSP0040,2025-06-03T11:00:00,NEW GODHUR. KUSUNDA COLLIERY,BCCL,23.796736,86.40797,INS149,PPE Compliance,Critical,Open
INSP0041,2025-02-24T12:00:00,KHAIRAHA,SECL,23.14695,81.454837,INS124,PPE Compliance,Medium,Overdue
INSP0042,2025-06-25T16:00:00,DIPKA,SECL,22.337548,82.535987,INS111,Electrical Safety,Critical,Open
INSP0043,2025-03-15T10:00:00,LAKHANPUR,MCL,21.738444,83.840452,INS176,PPE Compliance,Critical,In Progress
INSP0044,2025-07-03T04:00:00,Ningah Colliery,ECL,23.669539,87.033901,INS193,Slope Stability,Critical,In Progress
INSP0045,2025-01-16T10:00:00,KUSMUNDA,SECL,22.318213,82.674909,INS170,Slope Stability,Low,Overdue
INSP0046,2025-06-22T02:00:00,DIPKA,SECL,22.3218,82.546354,INS178,Safety Equipment Check,Medium,Closed
INSP0047,2025-05-15T10:00:00,GEVRA OC,SECL,22.320264,82.595605,INS118,Ventilation Inspection,Critical,Closed
INSP0048,2025-01-16T11:00:00,Ningah Colliery,ECL,23.68341,87.029168,INS166,Electrical Safety,Medium,Open
INSP0049,2025-04-22T22:00:00,MANIKPUR,SECL,22.317738,82.733109,INS194,PPE Compliance,High,In Progress
INSP0050,2025-06-23T03:00:00,KHAIRAHA,SECL,23.163331,81.466246,INS102,Slope Stability,High,Closed
INSP0051,2025-05-23T04:00:00,LAKHANPUR,MCL,21.731948,83.833944,INS188,Water Accumulation,Low,Overdue
INSP0052,2025-04-01T15:00:00,JAYANT,NCL,24.14474,82.669651,INS121,Housekeeping,Critical,Open
INSP0053,2025-03-24T16:00:00,Ningah Colliery,ECL,23.674308,87.035671,INS153,Ventilation Inspection,Critical,Open
INSP0054,2025-05-21T01:00:00,ANANTA,MCL,20.946385,85.158195,INS107,Water Accumulation,Medium,Open
INSP0055,2025-07-11T10:00:00,GEVRA OC,SECL,22.319736,82.591713,INS122,Electrical Safety,High,In Progress
INSP0056,2025-04-01T05:00:00,LAKHANPUR,MCL,21.75432,83.836852,INS171,Slope Stability,Medium,In Progress
INSP0057,2025-04-09T15:00:00,NIGAHI,NCL,24.161091,82.626974,INS161,Slope Stability,High,In Progress
INSP0058,2025-02-11T14:00:00,LAKHANPUR,MCL,21.7375,83.839272,INS144,PPE Compliance,Medium,In Progress
INSP0059,2025-01-15T08:00:00,MOONIDIH PROJECT,BCCL,23.754393,86.340668,INS132,Water Accumulation,Critical,Open
INSP0060,2025-03-10T23:00:00,KHAIRAHA,SECL,23.148984,81.465511,INS117,Safety Equipment Check,Medium,Open
INSP0061,2025-01-18T07:00:00,JAYANT,NCL,24.149932,82.645787,INS152,Slope Stability,Critical,Closed
INSP0062,2025-02-16T22:00:00,Ningah Colliery,ECL,23.659328,87.038878,INS160,Electrical Safety,Medium,In Progress
INSP0063,2025-04-20T15:00:00,MOONIDIH PROJECT,BCCL,23.742035,86.348779,INS173,Ventilation Inspection,Low,Open
INSP0064,2025-05-23T15:00:00,MANIKPUR,SECL,22.321735,82.723158,INS150,PPE Compliance,Critical,Open
INSP0065,2025-04-09T19:00:00,MANIKPUR,SECL,22.308253,82.713449,INS113,Slope Stability,High,Overdue
INSP0066,2025-07-05T10:00:00,ANANTA,MCL,20.946275,85.161911,INS164,Electrical Safety,High,Open
INSP0067,2025-02-08T10:00:00,GEVRA OC,SECL,22.331576,82.586743,INS191,Ventilation Inspection,Low,In Progress
INSP0068,2025-04-11T16:00:00,LAKHANPUR,MCL,21.759496,83.840171,INS151,PPE Compliance,Critical,In Progress
INSP0069,2025-01-30T14:00:00,KUSMUNDA,SECL,22.30833,82.675444,INS141,Ventilation Inspection,Low,In Progress
INSP0070,2025-05-11T22:00:00,NEW GODHUR. KUSUNDA COLLIERY,BCCL,23.786461,86.394181,INS138,Housekeeping,Low,In Progress
INSP0071,2025-05-03T17:00:00,NIGAHI,NCL,24.157847,82.637719,INS139,Ventilation Inspection,Critical,In Progress
INSP0072,2025-02-10T01:00:00,JAYANT,NCL,24.150112,82.652863,INS117,Electrical Safety,Medium,Overdue
INSP0073,2025-07-26T18:00:00,GEVRA OC,SECL,22.339768,82.603862,INS196,Housekeeping,Medium,Open
INSP0074,2025-07-23T08:00:00,KHAIRAHA,SECL,23.151551,81.457873,INS146,Safety Equipment Check,Low,Closed
INSP0075,2025-07-06T22:00:00,MANIKPUR,SECL,22.318679,82.705715,INS141,PPE Compliance,Critical,Closed
INSP0076,2025-03-12T02:00:00,NIGAHI,NCL,24.082223,82.596502,INS107,Electrical Safety,Medium,Overdue
INSP0077,2025-06-05T22:00:00,LAKHANPUR,MCL,21.752842,83.847549,INS139,Water Accumulation,Low,Overdue
INSP0078,2025-03-28T20:00:00,KHAIRAHA,SECL,23.155669,81.450176,INS105,Electrical Safety,High,Closed
INSP0079,2025-07-04T17:00:00,Ningah Colliery,ECL,23.684618,87.028941,INS136,Electrical Safety,Medium,Open
INSP0080,2025-05-24T11:00:00,GEVRA OC,SECL,22.318068,82.607089,INS148,Electrical Safety,Low,Open
INSP0081,2025-04-29T16:00:00,Jhanjhara Project Colly,ECL,23.658879,87.28221,INS116,Water Accumulation,Medium,Closed
INSP0082,2025-01-08T18:00:00,MOONIDIH PROJECT,BCCL,23.753653,86.350952,INS168,Electrical Safety,Medium,Open
INSP0083,2025-06-07T05:00:00,GEVRA OC,SECL,22.327873,82.593603,INS192,PPE Compliance,Low,Closed
INSP0084,2025-05-24T02:00:00,LAKHANPUR,MCL,21.746808,83.838648,INS176,Safety Equipment Check,Critical,Closed
INSP0085,2025-03-25T12:00:00,NIGAHI,NCL,24.165274,82.634298,INS127,PPE Compliance,Low,Open
INSP0086,2025-06-21T23:00:00,MOONIDIH PROJECT,BCCL,23.727835,86.350247,INS140,Housekeeping,High,Open
INSP0087,2025-04-14T00:00:00,MANIKPUR,SECL,22.320547,82.709346,INS152,Slope Stability,High,Closed
INSP0088,2025-07-10T00:00:00,LAKHANPUR,MCL,21.737956,83.83267,INS163,Safety Equipment Check,High,Overdue
INSP0089,2025-06-29T00:00:00,GEVRA OC,SECL,22.333478,82.586144,INS123,PPE Compliance,Critical,Open
INSP0090,2025-03-18T22:00:00,MOONIDIH PROJECT,BCCL,23.745809,86.353237,INS171,Electrical Safety,Critical,Open
INSP0091,2025-05-13T13:00:00,NEW GODHUR. KUSUNDA COLLIERY,BCCL,23.787921,86.394299,INS157,PPE Compliance,High,Closed
INSP0092,2025-07-02T19:00:00,NIGAHI,NCL,24.15861,82.646781,INS177,Housekeeping,Low,Closed
INSP0093,2025-03-06T05:00:00,AMLOHRI,NCL,24.146867,82.599055,INS142,Slope Stability,Low,Open
INSP0094,2025-03-06T20:00:00,NIGAHI,NCL,24.163894,82.627069,INS131,Water Accumulation,Medium,Overdue
INSP0095,2025-03-23T16:00:00,ANANTA,MCL,20.9435,85.168652,INS168,Water Accumulation,High,In Progress
INSP0096,2025-03-31T06:00:00,GEVRA OC,SECL,22.337702,82.585236,INS192,Electrical Safety,High,Open
INSP0097,2025-05-07T12:00:00,GEVRA OC,SECL,22.339732,82.604334,INS194,Ventilation Inspection,Low,In Progress
INSP0098,2025-07-08T20:00:00,MANIKPUR,SECL,22.323643,82.707087,INS129,Electrical Safety,Medium,Overdue
INSP0099,2025-07-07T22:00:00,JAYANT,NCL,24.154615,82.64007,INS192,Water Accumulation,Critical,Overdue
INSP0100,2025-02-27T10:00:00,NIGAHI,NCL,24.142275,82.632704,INS162,Ventilation Inspection,Low,Closed
INSP0101,2025-01-26T08:00:00,KHAIRAHA,SECL,23.152893,81.450001,INS180,Ventilation Inspection,Low,Open
INSP0102,2025-01-04T02:00:00,NEW GODHUR. KUSUNDA COLLIERY,BCCL,23.788577,86.385012,INS185,Housekeeping,Critical,Overdue
INSP0103,2025-01-06T08:00:00,Ningah Colliery,ECL,23.676293,87.036535,INS135,Housekeeping,High,Closed
INSP0104,2025-06-21T10:00:00,KHAIRAHA,SECL,23.137569,81.457163,INS113,Safety Equipment Check,Medium,Open
INSP0105,2025-03-07T12:00:00,LAKHANPUR,MCL,21.73525,83.833133,INS150,Safety Equipment Check,High,Overdue
INSP0106,2025-06-06T16:00:00,LAKHANPUR,MCL,21.734906,83.83796,INS187,PPE Compliance,Low,Closed
INSP0107,2025-02-01T21:00:00,KUSMUNDA,SECL,22.315324,82.677005,INS181,Safety Equipment Check,Medium,Closed
INSP0108,2025-06-20T14:00:00,KHAIRAHA,SECL,23.16527,81.456366,INS112,Housekeeping,Low,Open
INSP0109,2025-03-14T03:00:00,MANIKPUR,SECL,22.316984,82.717281,INS187,Slope Stability,Low,Open
INSP0110,2025-04-18T08:00:00,Ningah Colliery,ECL,23.687051,87.034391,INS191,PPE Compliance,Critical,Closed
INSP0111,2025-04-13T03:00:00,MAOHUSUDANPUR 7 PIT & INCLINE,ECL,23.619715,87.20658,INS186,Housekeeping,High,Overdue
INSP0112,2025-02-17T18:00:00,AMLOHRI,NCL,24.124742,82.596491,INS106,Safety Equipment Check,Critical,Open
INSP0113,2025-01-26T22:00:00,GEVRA OC,SECL,22.335551,82.612337,INS181,Slope Stability,Critical,Overdue
INSP0114,2025-03-19T20:00:00,GEVRA OC,SECL,22.329251,82.614328,INS184,Electrical Safety,Low,In Progress
INSP0115,2025-03-26T02:00:00,NIGAHI,NCL,24.169157,82.628132,INS191,PPE Compliance,Medium,Overdue
INSP0116,2025-04-19T02:00:00,GEVRA OC,SECL,22.335129,82.590674,INS156,Slope Stability,High,Closed
INSP0117,2025-02-15T05:00:00,Jhanjhara Project Colly,ECL,23.66897,87.29081,INS165,Electrical Safety,Low,Closed
INSP0118,2025-01-31T14:00:00,GEVRA OC,SECL,22.330602,82.613291,INS149,Safety Equipment Check,High,Overdue
INSP0119,2025-05-13T08:00:00,AMLOHRI,NCL,24.147458,82.588685,INS131,Housekeeping,Medium,Overdue
INSP0120,2025-02-27T20:00:00,MAOHUSUDANPUR 7 PIT & INCLINE,ECL,23.648273,87.203789,INS108,Ventilation Inspection,Critical,In Progress
