grievance_id,date_filed,mine,subsidiary,category,description_short,status,days_to_resolve,escalated
GRV0001,2025-05-03,KUSMUNDA,SECL,Working Hours,Worker-reported issue via mobile app,Escalated,,Yes
GRV0002,2025-07-02,Jhanjhara Project Colly,ECL,Housing/Welfare,Worker-reported issue via mobile app,Escalated,,Yes
GRV0003,2025-06-05,MAOHUSUDANPUR 7 PIT & INCLINE,ECL,Harassment/Conduct,Worker-reported issue via mobile app,Resolved,5.0,No
GRV0004,2025-06-12,NIGAHI,NCL,Working Hours,Worker-reported issue via mobile app,Closed - No Action,36.0,No
GRV0005,2025-06-02,DIPKA,SECL,Wages/Payment Delay,Worker-reported issue via mobile app,Closed - No Action,19.0,No
GRV0006,2025-07-23,JAYANT,NCL,Working Hours,Worker-reported issue via mobile app,Resolved,42.0,No
GRV0007,2025-04-26,GEVRA OC,SECL,Working Hours,Worker-reported issue via mobile app,Resolved,27.0,No
GRV0008,2025-04-17,KUSMUNDA,SECL,Medical Facility,Worker-reported issue via mobile app,Resolved,21.0,No
GRV0009,2025-03-07,MAOHUSUDANPUR 7 PIT & INCLINE,ECL,Wages/Payment Delay,Worker-reported issue via mobile app,In Progress,,No
GRV0010,2025-01-24,KUSMUNDA,SECL,Medical Facility,Worker-reported issue via mobile app,Resolved,6.0,No
GRV0011,2025-07-09,AMLOHRI,NCL,Harassment/Conduct,Worker-reported issue via mobile app,In Progress,,No
GRV0012,2025-01-16,ANANTA,MCL,Medical Facility,Worker-reported issue via mobile app,Closed - No Action,36.0,No
GRV0013,2025-02-01,GEVRA OC,SECL,Transport,Worker-reported issue via mobile app,Escalated,,Yes
GRV0014,2025-08-23,LAKHANPUR,MCL,Housing/Welfare,Worker-reported issue via mobile app,Resolved,19.0,No
GRV0015,2025-01-27,NEW GODHUR. KUSUNDA COLLIERY,BCCL,Medical Facility,Worker-reported issue via mobile app,Closed - No Action,33.0,No
GRV0016,2025-05-04,GEVRA OC,SECL,Wages/Payment Delay,Worker-reported issue via mobile app,Resolved,7.0,No
GRV0017,2025-07-15,LAKHANPUR,MCL,Transport,Worker-reported issue via mobile app,In Progress,,No
GRV0018,2025-04-20,LAKHANPUR,MCL,Harassment/Conduct,Worker-reported issue via mobile app,Closed - No Action,40.0,No
GRV0019,2025-08-26,Ningah Colliery,ECL,Housing/Welfare,Worker-reported issue via mobile app,In Progress,,No
GRV0020,2025-06-29,MANIKPUR,SECL,Housing/Welfare,Worker-reported issue via mobile app,In Progress,,No
GRV0021,2025-01-02,LAKHANPUR,MCL,Wages/Payment Delay,Worker-reported issue via mobile app,Resolved,10.0,No
GRV0022,2025-02-06,NIGAHI,NCL,Working Hours,Worker-reported issue via mobile app,Resolved,6.0,No
GRV0023,2025-04-18,GEVRA OC,SECL,Housing/Welfare,Worker-reported issue via mobile app,Escalated,,Yes
GRV0024,2025-03-21,AMLOHRI,NCL,Wages/Payment Delay,Worker-reported issue via mobile app,In Progress,,No
GRV0025,2025-02-09,Ningah Colliery,ECL,Housing/Welfare,Worker-reported issue via mobile app,Resolved,40.0,No
GRV0026,2025-04-24,DIPKA,SECL,Working Hours,Worker-reported issue via mobile app,Escalated,,Yes
GRV0027,2025-03-11,Jhanjhara Project Colly,ECL,Working Hours,Worker-reported issue via mobile app,Resolved,33.0,No
GRV0028,2025-01-29,JAYANT,NCL,Harassment/Conduct,Worker-reported issue via mobile app,In Progress,,No
GRV0029,2025-06-20,Ningah Colliery,ECL,Working Hours,Worker-reported issue via mobile app,In Progress,,No
GRV0030,2025-06-03,NEW GODHUR. KUSUNDA COLLIERY,BCCL,Safety Equipment Shortage,Worker-reported issue via mobile app,Resolved,1.0,No
GRV0031,2025-07-16,MOONIDIH PROJECT,BCCL,Wages/Payment Delay,Worker-reported issue via mobile app,Resolved,17.0,No
GRV0032,2025-01-02,NIGAHI,NCL,Safety Equipment Shortage,Worker-reported issue via mobile app,Escalated,,Yes
GRV0033,2025-02-03,ANANTA,MCL,Harassment/Conduct,Worker-reported issue via mobile app,Escalated,,Yes
GRV0034,2025-05-24,Jhanjhara Project Colly,ECL,Transport,Worker-reported issue via mobile app,In Progress,,No
GRV0035,2025-07-09,Ningah Colliery,ECL,Wages/Payment Delay,Worker-reported issue via mobile app,Resolved,28.0,No
GRV0036,2025-08-09,LAKHANPUR,MCL,Harassment/Conduct,Worker-reported issue via mobile app,In Progress,,No
GRV0037,2025-04-14,MOONIDIH PROJECT,BCCL,Working Hours,Worker-reported issue via mobile app,Escalated,,Yes
GRV0038,2025-01-06,MAOHUSUDANPUR 7 PIT & INCLINE,ECL,Transport,Worker-reported issue via mobile app,In Progress,,No
GRV0039,2025-06-26,Jhanjhara Project Colly,ECL,Transport,Worker-reported issue via mobile app,In Progress,,No
GRV0040,2025-01-28,LAKHANPUR,MCL,Harassment/Conduct,Worker-reported issue via mobile app,Resolved,28.0,No
GRV0041,2025-01-21,KHAIRAHA,SECL,Medical Facility,Worker-reported issue via mobile app,Escalated,,Yes
GRV0042,2025-03-28,AMLOHRI,NCL,Wages/Payment Delay,Worker-reported issue via mobile app,Resolved,22.0,No
GRV0043,2025-05-11,ANANTA,MCL,Transport,Worker-reported issue via mobile app,Resolved,34.0,No
GRV0044,2025-03-31,NIGAHI,NCL,Safety Equipment Shortage,Worker-reported issue via mobile app,In Progress,,No
GRV0045,2025-01-27,NEW GODHUR. KUSUNDA COLLIERY,BCCL,Harassment/Conduct,Worker-reported issue via mobile app,Resolved,17.0,No
GRV0046,2025-02-09,AMLOHRI,NCL,Working Hours,Worker-reported issue via mobile app,Resolved,12.0,No
GRV0047,2025-07-13,DIPKA,SECL,Transport,Worker-reported issue via mobile app,Closed - No Action,38.0,No
GRV0048,2025-06-10,MAOHUSUDANPUR 7 PIT & INCLINE,ECL,Wages/Payment Delay,Worker-reported issue via mobile app,In Progress,,No
GRV0049,2025-05-01,JAYANT,NCL,Transport,Worker-reported issue via mobile app,Escalated,,Yes
GRV0050,2025-03-12,GEVRA OC,SECL,Housing/Welfare,Worker-reported issue via mobile app,Closed - No Action,4.0,No
GRV0051,2025-04-29,Ningah Colliery,ECL,Housing/Welfare,Worker-reported issue via mobile app,Escalated,,Yes
GRV0052,2025-08-01,Jhanjhara Project Colly,ECL,Harassment/Conduct,Worker-reported issue via mobile app,In Progress,,No
GRV0053,2025-06-02,DIPKA,SECL,Working Hours,Worker-reported issue via mobile app,Closed - No Action,25.0,No
GRV0054,2025-08-21,NEW GODHUR. KUSUNDA COLLIERY,BCCL,Harassment/Conduct,Worker-reported issue via mobile app,Closed - No Action,42.0,No
GRV0055,2025-05-02,Ningah Colliery,ECL,Wages/Payment Delay,Worker-reported issue via mobile app,Closed - No Action,10.0,No
GRV0056,2025-07-27,NIGAHI,NCL,Harassment/Conduct,Worker-reported issue via mobile app,In Progress,,No
GRV0057,2025-06-15,NEW GODHUR. KUSUNDA COLLIERY,BCCL,Working Hours,Worker-reported issue via mobile app,Resolved,3.0,No
GRV0058,2025-05-15,MAOHUSUDANPUR 7 PIT & INCLINE,ECL,Housing/Welfare,Worker-reported issue via mobile app,Closed - No Action,40.0,No
GRV0059,2025-08-23,KUSMUNDA,SECL,Transport,Worker-reported issue via mobile app,In Progress,,No
GRV0060,2025-03-28,AMLOHRI,NCL,Wages/Payment Delay,Worker-reported issue via mobile app,Closed - No Action,4.0,No
GRV0061,2025-03-26,JAYANT,NCL,Housing/Welfare,Worker-reported issue via mobile app,Resolved,36.0,No
GRV0062,2025-03-06,GEVRA OC,SECL,Harassment/Conduct,Worker-reported issue via mobile app,Closed - No Action,10.0,No
GRV0063,2025-06-19,MOONIDIH PROJECT,BCCL,Safety Equipment Shortage,Worker-reported issue via mobile app,Resolved,23.0,No
GRV0064,2025-06-02,ANANTA,MCL,Medical Facility,Worker-reported issue via mobile app,Resolved,20.0,No
GRV0065,2025-07-22,KHAIRAHA,SECL,Medical Facility,Worker-reported issue via mobile app,In Progress,,No
GRV0066,2025-06-29,JAYANT,NCL,Harassment/Conduct,Worker-reported issue via mobile app,Closed - No Action,6.0,No
GRV0067,2025-04-03,MOONIDIH PROJECT,BCCL,Safety Equipment Shortage,Worker-reported issue via mobile app,Resolved,24.0,No
GRV0068,2025-03-29,NEW GODHUR. KUSUNDA COLLIERY,BCCL,Safety Equipment Shortage,Worker-reported issue via mobile app,Escalated,,Yes
GRV0069,2025-02-09,KHAIRAHA,SECL,Harassment/Conduct,Worker-reported issue via mobile app,Resolved,19.0,No
GRV0070,2025-07-17,Ningah Colliery,ECL,Transport,Worker-reported issue via mobile app,Closed - No Action,34.0,No
GRV0071,2025-06-08,KUSMUNDA,SECL,Safety Equipment Shortage,Worker-reported issue via mobile app,Resolved,39.0,No
GRV0072,2025-02-16,NIGAHI,NCL,Wages/Payment Delay,Worker-reported issue via mobile app,Closed - No Action,11.0,No
GRV0073,2025-04-16,JAYANT,NCL,Working Hours,Worker-reported issue via mobile app,In Progress,,No
GRV0074,2025-06-06,AMLOHRI,NCL,Safety Equipment Shortage,Worker-reported issue via mobile app,In Progress,,No
GRV0075,2025-05-17,AMLOHRI,NCL,Transport,Worker-reported issue via mobile app,Resolved,20.0,No
