station_code,latitude,longitude,located_at
1359,24.2100,83.0300,Renukut
1360,24.2100,83.0300,Renukut
30081,24.5200,83.0200,Chopan
3834,24.4700,82.2900,Chitrangi
1371,23.1800,81.6000,Amlai
1142,23.1200,81.6600,Chachai
1611,23.4500,81.0000,Nowrozabad
2390,23.7300,85.8300,Tenughat dam
3554,23.7600,85.9500,Swang
4000,23.6600,86.1800,Telmucho bridge
3553,23.6600,86.1800,Telmucho bridge
2381,23.7800,85.9600,Zarangdih
3555,23.7800,85.9600,Zarangdih
3556,23.7800,85.9600,Zarangdih
3557,23.7900,85.9400,Bermo
2382,23.7700,85.9900,Phusro
2383,23.7200,86.4000,Jamadoba
2384,23.6700,86.4800,Domgarh (Sindri)
30066,23.6500,86.4900,Sindri
2391,23.6300,86.7500,Panchet dam
2392,23.7900,86.8100,Maithan dam
1336,23.7300,86.8300,Barakar (Asansol intake)
1331,23.6600,86.8600,Dishergarh
30065,23.6600,86.8600,Dishergarh
1332,23.6400,86.9300,Dhenna (Burnpur)
10107,23.5900,87.2000,Andal
10108,23.5900,87.2000,Andal
10110,23.5300,87.2600,Durgapur
10111,23.6000,87.1200,Raniganj
4738,23.7200,86.2800,Mahuda
4739,23.7300,86.3300,Moonidih
4083,23.7000,85.1000,Dakra (North Karanpura)
1105,22.6200,82.6000,Machadoli (Hasdeo Bango)
3165,22.3600,82.7200,Korba East
3168,22.2900,82.7400,Urga
3169,22.3500,82.6900,Korba
3170,22.3500,82.6900,Korba
1106,22.0400,82.6500,Champa
1849,21.9200,83.3900,Raigarh (Urdana)
1850,21.8500,83.4200,Raigarh (Lahangapali)
1267,22.1200,84.0300,Sundargarh
1268,21.8600,84.0300,Jharsuguda
1269,21.8200,83.9200,Brajrajnagar
1300,21.8200,83.9200,Brajrajnagar
2415,20.9500,85.2300,Talcher
2416,20.9500,85.2300,Talcher
1303,20.9500,85.2300,Talcher
1042,20.9300,85.3000,Kamalanga
3929,20.9900,85.1300,Balangi (Talcher-Kaniha road)
3925,20.8400,85.1000,Angul
3926,20.8400,85.1000,Angul
2721,19.9400,79.1200,Ghugus
2174,19.9400,79.1200,Ghugus
1212,19.7800,79.3600,Rajura
2156,20.0500,78.9500,Jugad (Wani)
2361,18.8700,79.4500,Mancherial
5105,18.8700,79.4500,Mancherial
2362,18.7600,79.4700,Ramagundam
2364,18.7600,79.4700,Ramagundam
2363,18.7800,79.5000,Godavarikhani
2356,18.6500,79.6700,Manthani
3080,17.6000,80.7000,Paloncha
3081,17.6000,80.7000,Paloncha
2372,17.6000,80.7000,Paloncha
2367,17.6700,80.8900,Bhadrachalam
2368,17.6700,80.8900,Bhadrachalam
