reading_date,pm10,pm25,so2,nox
2023-10-01,11.32,8.55,9.57,63.88
2023-10-02,34.22,20.97,8.61,66.40
2023-10-03,24.79,15.91,8.61,68.01
2023-10-04,12.13,8.48,8.58,63.67
2023-10-05,15.74,9.24,9.39,59.74
2023-10-06,15.75,9.38,9.39,56.01
2023-10-07,50.67,17.20,9.36,58.16
2023-10-08,77.23,25.44,9.23,57.02
2023-10-09,136.95,36.53,10.75,63.40
2023-10-10,100.34,30.52,11.62,57.76
2023-10-11,102.89,32.11,11.95,55.21
2023-10-12,116.68,32.65,11.79,61.46
2023-10-13,124.58,34.93,12.79,61.57
2023-10-14,154.31,43.80,13.23,59.26
2023-10-15,155.89,43.07,12.79,60.35
2023-10-16,122.94,36.42,13.38,62.57
2023-10-17,88.32,32.45,13.46,56.41
2023-10-18,32.56,25.22,12.35,49.71
2023-10-19,42.56,32.13,10.58,60.09
2023-10-20,42.47,29.76,11.06,60.07
2023-10-21,41.39,32.75,12.14,69.80
2023-10-22,42.15,,,
2023-10-23,48.07,,,
2023-10-24,40.37,,,
2023-10-25,46.76,,,
2023-10-26,56.13,31.13,11.34,38.41
2023-10-27,62.95,34.83,12.68,64.43
2023-10-28,50.39,30.41,13.10,63.47
2023-10-29,42.07,26.32,12.44,63.12
2023-10-30,49.55,34.08,12.74,64.63
2023-10-31,52.98,36.56,12.64,57.24
2023-11-01,38.54,31.78,10.00,54.58
2023-11-02,51.39,36.54,11.58,57.13
2023-11-03,59.26,47.89,11.82,39.84
2023-11-04,55.42,42.23,10.24,40.63
2023-11-05,50.15,41.58,9.62,44.13
2023-11-06,57.71,41.71,11.12,50.44
2023-11-07,75.96,41.42,11.04,47.09
2023-11-08,76.46,33.93,10.76,46.57
2023-11-09,103.39,40.17,9.95,39.04
2023-11-10,97.95,41.20,10.97,40.57
2023-11-11,85.43,37.00,10.42,33.88
2023-11-12,106.17,49.49,10.23,37.55
2023-11-13,67.43,31.86,10.16,30.24
2023-11-14,59.95,29.05,11.11,30.07
2023-11-15,64.30,30.78,8.96,40.31
2023-11-16,53.90,25.19,8.85,34.45
2023-11-17,36.90,16.04,8.07,30.62
2023-11-18,39.05,17.16,8.51,31.29
2023-11-19,38.08,15.54,7.92,37.61
2023-11-20,44.06,17.10,8.07,34.17
2023-11-21,70.16,31.65,7.80,41.38
2023-11-22,71.99,35.02,10.12,41.10
2023-11-23,74.90,39.22,10.06,49.41
2023-11-24,80.15,39.22,10.37,50.20
2023-11-25,63.49,35.37,10.29,49.51
2023-11-26,74.37,35.61,9.15,51.90
2023-11-27,66.69,35.10,7.82,51.35
2023-11-28,57.75,27.31,6.88,51.28
2023-11-29,47.35,24.29,8.03,43.61
2023-11-30,63.96,29.34,9.35,45.39
2023-12-01,57.94,33.60,9.44,40.17
2023-12-02,58.03,24.63,9.44,52.62
2023-12-03,46.95,19.75,9.33,48.10
2023-12-04,61.26,30.32,9.60,51.44
2023-12-05,52.04,24.07,9.46,43.53
2023-12-06,17.27,8.23,9.78,42.59
2023-12-07,21.19,11.94,17.06,34.24
2023-12-08,24.13,12.09,9.87,19.27
2023-12-09,27.65,16.93,10.36,25.66
2023-12-10,37.79,17.27,10.93,30.78
2023-12-11,48.29,21.16,11.10,25.53
2023-12-12,51.58,22.76,10.84,24.54
2023-12-13,63.03,24.07,12.25,34.08
2023-12-14,60.60,25.38,13.13,35.29
2023-12-15,68.45,29.95,14.20,31.83
2023-12-16,53.14,25.70,13.76,29.71
2023-12-17,60.92,28.46,14.86,33.90
2023-12-18,75.28,29.50,13.83,33.72
2023-12-19,58.05,26.60,13.74,32.32
2023-12-20,52.36,28.86,13.76,30.89
2023-12-21,61.94,30.92,14.24,32.13
2023-12-22,61.28,31.35,14.24,29.66
2023-12-23,67.43,29.42,14.29,29.62
2023-12-24,52.44,24.21,14.57,27.10
2023-12-25,45.50,19.87,14.22,23.96
2023-12-26,66.31,31.87,15.21,24.57
2023-12-27,89.31,41.61,15.53,34.71
2023-12-28,82.00,37.84,15.13,28.09
2023-12-29,68.76,39.04,15.44,27.23
2023-12-30,66.32,32.79,15.46,28.19
2023-12-31,59.88,31.44,16.26,27.27
2024-01-01,40.06,22.75,14.09,25.11
2024-01-02,66.08,31.10,14.83,24.88
2024-01-03,72.06,37.55,14.85,21.85
2024-01-04,84.22,39.60,15.77,31.68
2024-01-05,96.82,47.45,17.84,27.02
2024-01-06,88.63,47.66,18.06,27.16
2024-01-07,52.85,30.93,16.13,29.91
2024-01-08,69.74,34.37,18.27,59.60
2024-01-09,47.31,24.22,16.04,32.07
2024-01-10,78.57,40.02,19.39,29.97
2024-01-11,57.42,25.50,18.32,29.07
2024-01-12,58.87,23.68,19.99,39.10
2024-01-13,50.23,23.21,19.54,38.99
2024-01-14,74.45,30.76,18.64,35.21
2024-01-15,68.67,33.57,20.20,37.24
2024-01-16,68.57,32.83,22.03,42.79
2024-01-17,110.39,58.58,23.05,30.44
2024-01-18,64.29,36.60,19.06,26.61
2024-01-19,60.87,23.48,23.59,26.32
2024-01-20,60.87,33.51,19.81,27.32
2024-01-21,60.87,34.30,19.54,28.26
2024-01-22,60.87,31.70,19.76,42.16
2024-01-23,60.87,23.55,21.42,37.24
2024-01-24,60.87,28.02,21.58,30.59
2024-01-25,60.87,27.01,21.72,41.07
2024-01-26,60.87,28.47,21.65,40.02
2024-01-27,60.87,32.90,23.58,36.82
2024-01-28,60.87,31.05,24.27,39.36
2024-01-29,60.87,31.97,25.41,37.60
2024-01-30,60.87,31.46,24.66,35.46
2024-01-31,60.87,36.17,21.68,35.38
2024-02-01,60.87,50.57,25.14,35.66
2024-02-02,60.87,36.18,22.74,36.32
2024-02-03,60.87,23.64,21.42,35.09
2024-02-04,60.87,24.69,23.94,46.26
2024-02-05,60.87,17.80,20.26,30.94
2024-02-06,60.87,15.78,19.37,24.26
2024-02-07,60.87,16.06,19.37,32.04
2024-02-08,60.87,12.72,20.63,30.45
2024-02-09,60.87,22.26,23.22,38.48
2024-02-10,60.87,20.96,22.65,32.19
2024-02-11,60.87,27.09,26.27,43.15
2024-02-12,60.87,29.03,24.59,31.88
2024-02-13,60.87,26.62,21.89,26.05
2024-02-14,60.87,21.79,20.08,24.90
2024-02-15,60.87,22.24,18.20,22.73
2024-02-16,60.87,18.41,18.59,21.41
2024-02-17,60.87,16.20,19.16,32.16
2024-02-18,60.87,22.69,21.21,31.47
2024-02-19,60.87,30.86,23.42,34.36
2024-02-20,60.87,26.73,22.57,40.39
2024-02-21,60.87,18.75,21.59,33.02
2024-02-22,60.87,17.30,22.04,24.55
2024-02-23,55.62,17.53,84.84,30.45
2024-02-24,50.41,21.33,9.32,21.76
2024-02-25,41.68,21.84,9.95,21.39
2024-02-26,56.31,25.12,10.48,25.45
2024-02-27,59.41,27.21,11.20,22.14
2024-02-28,46.71,22.02,12.09,36.34
2024-02-29,39.79,19.69,10.74,36.48
2024-03-01,40.93,19.61,10.57,33.82
2024-03-02,59.54,17.35,10.40,34.88
2024-03-03,42.70,18.91,9.46,35.02
2024-03-04,29.38,20.45,8.40,21.25
2024-03-05,41.25,13.17,8.57,23.88
2024-03-06,40.92,14.71,10.12,35.93
2024-03-07,37.49,19.99,10.81,32.71
2024-03-08,44.66,15.30,10.63,28.30
2024-03-09,48.38,14.66,10.60,41.74
2024-03-10,75.73,19.84,11.64,33.92
2024-03-11,75.73,21.78,11.56,39.30
2024-03-12,75.73,23.47,11.11,37.46
2024-03-13,75.73,20.11,10.64,35.02
2024-03-14,75.73,18.99,9.96,24.52
2024-03-15,75.73,23.16,10.90,36.27
2024-03-16,75.73,27.52,9.76,22.10
2024-03-17,75.73,29.32,9.88,26.51
2024-03-18,57.97,27.85,11.03,36.16
2024-03-19,0.00,18.13,9.14,37.35
2024-03-20,0.00,12.06,9.26,21.40
2024-03-21,0.00,17.05,9.94,29.16
2024-03-22,0.00,20.54,11.37,35.22
2024-03-23,0.00,27.43,15.21,46.92
2024-03-24,0.00,27.29,14.23,43.91
2024-03-25,0.00,33.99,18.33,27.04
2024-03-26,0.00,21.55,13.20,28.06
2024-03-27,0.00,19.62,11.69,22.90
2024-03-28,0.00,23.44,13.26,24.32
2024-03-29,0.00,28.00,13.35,23.98
2024-03-30,0.00,29.02,12.20,29.17
2024-03-31,0.00,15.84,10.62,31.39
